{
  "num_folds": 8,
  "metrics": {
    "val_accuracy": {
      "mean": 0.8042188075909622,
      "std": 0.09705117542240231,
      "min": 0.6159638554216867,
      "max": 0.9004608294930876
    },
    "val_macro_f1": {
      "mean": 0.7989460860700939,
      "std": 0.10346478583847381,
      "min": 0.5964408778654519,
      "max": 0.9013469476181544
    },
    "val_macro_precision": {
      "mean": 0.8417959169797073,
      "std": 0.07357696822520257,
      "min": 0.6865514535122933,
      "max": 0.9140410069726111
    },
    "val_macro_recall": {
      "mean": 0.8033630394844522,
      "std": 0.10462262177254626,
      "min": 0.5925741124746831,
      "max": 0.9075673898087993
    },
    "val_balanced_accuracy": {
      "mean": 0.8033630394844522,
      "std": 0.10462262177254626,
      "min": 0.5925741124746831,
      "max": 0.9075673898087993
    },
    "test_accuracy": {
      "mean": 0.7672821443209457,
      "std": 0.07533015814191057,
      "min": 0.6350067842605156,
      "max": 0.8649825783972126
    },
    "test_macro_f1": {
      "mean": 0.7404203615525324,
      "std": 0.0875287932986024,
      "min": 0.5886152905247074,
      "max": 0.8609683827668644
    },
    "test_macro_precision": {
      "mean": 0.8030226161779147,
      "std": 0.0713256808475348,
      "min": 0.6820202157968115,
      "max": 0.900314354794465
    },
    "test_macro_recall": {
      "mean": 0.7660812391370231,
      "std": 0.07538920934593377,
      "min": 0.6363186809072651,
      "max": 0.86503510182176
    },
    "test_balanced_accuracy": {
      "mean": 0.7660812391370231,
      "std": 0.07538920934593377,
      "min": 0.6363186809072651,
      "max": 0.86503510182176
    }
  },
  "skipped_columns": [
    "val_participants",
    "test_participants"
  ]
}